ONTOLOGY	ID	Description	GeneRatio	BgRatio	RichFactor	FoldEnrichment	zScore	pvalue	p.adjust	qvalue	geneID	Count
BP	GO:0007030	Golgi organization	32/1562	156/18888	0.20512820512820512	2.4804491283364523	5.574893344477477	1.281858548025665e-6	0.00603781984861425	0.005736723587983405	PLEKHM2/RAB33B/VRK1/AKAP9/TMED4/GOLGA2/GOLGA8A/CDC42/COG4/TMED3/HUWE1/ARHGEF7/TANGO2/YWHAZ/UBXN2A/NPLOC4/SYNE1/GAK/CAMSAP2/CSNK1A1/RAB30/ATL2/ARMH3/ATP8B1/YIPF4/HTT/CLASP1/VPS13B/GCC2/PDE4DIP/CORO7/MAP2K2	32
BP	GO:0010811	positive regulation of cell-substrate adhesion	27/1562	124/18888	0.21774193548387097	2.6329767461071416	5.47773452592011	2.577228715688068e-6	0.00603781984861425	0.005736723587983405	JAK2/CDH13/CASS4/EPHA1/POLDIP2/CDC42/P4HB/NID1/ARHGEF7/JUP/PRKCZ/SDC4/UNC13D/VTN/BRAF/CD36/RAC1/DAB2/RREB1/ABI3BP/EMP2/S100A10/RSU1/CCDC80/MAP4K4/MYADM/FLNA	27
BP	GO:0007264	small GTPase-mediated signal transduction	71/1562	500/18888	0.142	1.7170909090909088	4.8793820174259395	4.757832277330079e-6	0.00603781984861425	0.005736723587983405	CDC42SE1/RHOH/VAV1/PLEKHG7/RAB33B/CDH13/PHACTR4/P2RY8/ELMO1/CYRIB/GARNL3/KSR1/PLD1/DOCK10/NTRK1/ARHGAP17/CDC42EP3/ARHGAP29/CDC42/RASGRF1/FGD2/SPRY3/ARHGAP8/ARHGEF7/PLEKHG3/RGS19/ARHGEF25/AUTS2/KBTBD7/PSD4/RHEB/RASGRP2/ARHGAP11B/SIPA1L3/MAPRE2/RASSF1/ARHGAP27/CSNK1A1/RAB30/RIT1/SYNJ2BP/TP53/EPS8L1/PDPN/PSD/NOTCH1/RASA3/ARHGDIB/G3BP2/RAC1/RAF1/RAB21/ARHGEF12/KANK2/P2RY10/PLCE1/SPRY1/CYTH1/CCDC88A/AKAP13/TGM2/G3BP1/FARP1/ARHGAP45/RAP1B/CCDC88C/MAP4K4/FOXM1/ARF6/KBTBD6/MYO9A	71
BP	GO:1902903	regulation of supramolecular fiber organization	59/1562	392/18888	0.15051020408163265	1.8199979095351329	4.9259468349986415	4.9768949168046164e-6	0.00603781984861425	0.005736723587983405	NCKAP1L/PLEKHG2/WASHC1/CORO1B/CYRIB/FER/WASHC2A/EPHA1/AKAP9/HSPA8/CYRIA/CDC42EP3/NUMA1/CDC42/CDK5RAP2/SLAIN1/CARMIL2/CHADL/CAMSAP1/ARHGEF7/ASAP3/ADD2/ARF1/CAMSAP2/SDC4/TTBK2/WASHC2C/HSPA1B/SYNPO2/BRAF/TNXB/GBA2/APC/EML2/MYLK3/PFDN5/RAC1/SLC39A12/SSH1/CLIP1/KANK2/CAPZA2/SCIN/CCDC88A/CLASP1/SPTAN1/BAG4/S100A10/AKAP13/SLAIN2/CDH5/TGFBR1/COTL1/PIK3R1/PDE4DIP/ARF6/MYADM/CD47/FLNA	59
BP	GO:0031113	regulation of microtubule polymerization	17/1562	61/18888	0.2786885245901639	3.36995445099809	5.56656398358114	5.793799499720803e-6	0.00603781984861425	0.005736723587983405	AKAP9/NUMA1/CDK5RAP2/SLAIN1/CAMSAP1/ARHGEF7/CAMSAP2/HSPA1B/GBA2/EML2/RAC1/SLC39A12/CLIP1/CLASP1/SLAIN2/CDH5/PDE4DIP	17
BP	GO:1900024	regulation of substrate adhesion-dependent cell spreading	17/1562	62/18888	0.27419354838709675	3.3156003469497337	5.483442243298892	7.372457234053321e-6	0.00603781984861425	0.005736723587983405	CASS4/FBLN1/CDC42/P4HB/ARHGEF7/PKP2/EFNA5/UNC13D/WASHC2C/BRAF/PDPN/RAC1/DAB2/RREB1/S100A10/MYADM/FLNA	17
BP	GO:0046785	microtubule polymerization	22/1562	95/18888	0.23157894736842105	2.8002965159377315	5.281784000363191	7.4964063391805156e-06	0.00603781984861425	0.005736723587983405	TUBGCP2/AKAP9/GOLGA2/NUMA1/CDK5RAP2/SLAIN1/CAMSAP1/ARHGEF7/CAMSAP2/HSPA1B/TUBGCP4/GBA2/EML2/RAC1/SLC39A12/CLIP1/CLASP1/ZNF207/SLAIN2/CDH5/MAP4/PDE4DIP	22
BP	GO:0051258	protein polymerization	46/1562	287/18888	0.1602787456445993	1.9381209652594056	4.808443237069204	1.0524879732513482e-5	0.007417408991488877	0.007047514862994883	NCKAP1L/JAK2/PLEKHG2/TUBGCP2/CYRIB/FER/AKAP9/CYRIA/GOLGA2/CDC42EP3/NUMA1/CDK5RAP2/SLAIN1/CARMIL2/CAMSAP1/ARHGEF7/ADD2/ARPC4/CAMSAP2/VTN/WASHC2C/HSPA1B/TUBGCP4/GBA2/EML2/RAC1/SLC39A12/SSH1/CLIP1/KANK2/CAPZA2/SCIN/ORC4/CLASP1/SPTAN1/BAG4/ZNF207/SLAIN2/CHMP3/CDH5/MAP4/COTL1/PDE4DIP/ARF6/MYADM/CORO7	46
BP	GO:0034446	substrate adhesion-dependent cell spreading	22/1562	101/18888	0.21782178217821782	2.633942267466183	4.9435795442254635	2.1115411633568333e-5	0.013227632310006473	0.012567991789851376	CASS4/FBLN1/PARVA/PARVG/FER/EPHA1/CDC42/P4HB/ARHGEF7/PKP2/EFNA5/UNC13D/WASHC2C/BRAF/PDPN/RAC1/DAB2/RREB1/S100A10/PIK3R1/MYADM/FLNA	22
BP	GO:0032271	regulation of protein polymerization	35/1562	204/18888	0.1715686274509804	2.074640355501996	4.633574495565711	2.737047024752341e-5	0.014599114650484442	0.013871080535523111	NCKAP1L/PLEKHG2/CYRIB/FER/AKAP9/CYRIA/CDC42EP3/NUMA1/CDK5RAP2/SLAIN1/CARMIL2/CAMSAP1/ARHGEF7/ADD2/CAMSAP2/WASHC2C/HSPA1B/GBA2/EML2/RAC1/SLC39A12/SSH1/CLIP1/KANK2/CAPZA2/SCIN/CLASP1/SPTAN1/BAG4/SLAIN2/CDH5/COTL1/PDE4DIP/ARF6/MYADM	35
BP	GO:0010810	regulation of cell-substrate adhesion	37/1562	221/18888	0.167420814479638	2.02448421503931	4.599779298080593	2.84835511094943e-5	0.014599114650484442	0.013871080535523111	JAK2/CDH13/CASS4/FBLN1/EPHA1/POLDIP2/CDC42/P4HB/NID1/ARHGEF7/JUP/PRKCZ/PKP2/EFNA5/SDC4/UNC13D/VTN/WASHC2C/BRAF/CD36/PDPN/NOTCH1/RAC1/DAB2/TLN1/RREB1/MACF1/CLASP1/ABI3BP/EMP2/S100A10/RSU1/CCDC80/MAP4K4/PIK3R1/MYADM/FLNA	37
BP	GO:0043254	regulation of protein-containing complex assembly	59/1562	418/18888	0.14114832535885166	1.7067922979372538	4.38752244655628	3.5304522393964945e-5	0.016587241438097863	0.015760062672183123	NCKAP1L/VCP/PLEKHG2/ANKRD27/CYRIB/FER/AKAP9/HCFC1/SORL1/HSPA8/CYRIA/CDC42EP3/NUMA1/CDC42/CDK5RAP2/SLAIN1/SLF2/CARMIL2/TFIP11/CAMSAP1/MED25/ARHGEF7/PRKCZ/CLEC7A/FAF1/GAK/ADD2/CAMSAP2/CSNK1A1/TP53/WASHC2C/HSPA1B/MSN/CD36/GBA2/DNAJC15/EML2/RAC1/RAF1/SLC39A12/SSH1/CLIP1/KANK2/CAPZA2/SCIN/CLASP1/SPTAN1/BAG4/PLCG2/STXBP1/SLAIN2/NEK7/CDH5/RAP1B/COTL1/GNL3L/PDE4DIP/ARF6/MYADM	59
BP	GO:0045785	positive regulation of cell adhesion	66/1562	485/18888	0.1360824742268041	1.645535066066502	4.324334142806169	3.9869297788984634e-5	0.017291007764176566	0.016428733315639096	NCKAP1L/RUNX1/RHOH/FLOT2/VAV1/LAMB2/JAK2/CDH13/CASS4/B2M/CYRIB/EPHA1/HLA-E/CD44/PRSS2/POLDIP2/PDPK1/CDC42/P4HB/ZAP70/STX4/SMARCE1/NID1/ARHGEF7/ST3GAL4/JUP/PRKCZ/SIRPB1/CD74/BAD/MYO10/SDC4/UNC13D/VTN/BRAF/CD36/PDPN/ZFHX3/RAC1/STX3/SART1/SOX13/DAB2/SOX4/HLA-DPB1/RREB1/EMILIN2/ABI3BP/EMP2/BAG4/S100A10/RSU1/TGM2/CCDC80/VNN1/ZP3/PTPRC/MAP4K4/ARID1B/CD6/MYADM/ICOSLG/PHF10/CD47/RUNX3/FLNA	66
BP	GO:0048015	phosphatidylinositol-mediated signaling	9/1562	23/18888	0.391304347826087	4.731726326337472	5.376729024425778	4.95944032854763e-5	0.01921143617900047	0.018253393087308563	PLCG1/PIK3C2B/PIK3CD/PI4KB/PIK3C3/PI4KA/PLCE1/FGFR1/PLCG2	9
BP	GO:0071826	protein-RNA complex organization	39/1562	244/18888	0.1598360655737705	1.932767993954787	4.403234871868465	5.111237011085616e-5	0.01921143617900047	0.018253393087308563	VCP/RNU6-1/SF1/NUDT21/SRPK2/GCFC2/COIL/BOP1/TFIP11/PTGES3/SNRPA1/SCAF11/EIF3A/SFSWAP/POLR2D/STRAP/CELF2/PRPF8/SRSF10/SRSF1/CELF5/U2AF2/SART1/RSRP1/RPS27L/NOPCHAP1/HSP90AB1/RUVBL1/DDX39B/SF3B1/MRPL20/AGO3/LUC7L2/RPS19/CELF4/EIF3M/XRCC5/RPL38/LUC7L	39
BP	GO:0003197	endocardial cushion development	14/1562	52/18888	0.2692307692307692	3.2555894809415933	4.890353365902287	5.81237100537338e-5	0.019326547481534912	0.018362763976313208	CRELD1/ACVR1/BMP5/FGF8/TBX2/NOTCH1/SMAD2/APC/SNAI2/TGFBR1/MDM4/ERBB3/RBPJ/MSX1	14
BP	GO:0072666	establishment of protein localization to vacuole	16/1562	65/18888	0.24615384615384617	2.976538954003743	4.792813005083451	5.827444256582006e-5	0.019326547481534912	0.018362763976313208	SORL1/HSPA8/STAM/LAPTM5/VPS37A/MVB12A/VPS13C/VPS28/PIK3C3/MON1B/VPS13A/VPS53/VPS13D/GCC2/VPS54/SORT1	16
BP	GO:0031122	cytoplasmic microtubule organization	15/1562	59/18888	0.2542372881355932	3.0742854662644583	4.791304280793491	6.60042531157665e-5	0.02067399883703842	0.019643020123165836	HOOK3/TUBGCP2/CLIP4/NUMA1/SLAIN1/TRDN/CAMSAP2/HOOK2/KATNBL1/TUBGCP4/CLIP1/CCDC88A/CLASP1/SLAIN2/CCDC88C	15
BP	GO:0003203	endocardial cushion morphogenesis	12/1562	41/18888	0.2926829268292683	3.5391774148215234	4.886936652795091	8.03356128110801e-5	0.02264660925144348	0.021517259662925614	ACVR1/BMP5/FGF8/TBX2/NOTCH1/SMAD2/APC/SNAI2/TGFBR1/MDM4/RBPJ/MSX1	12
BP	GO:0006458	'de novo' protein folding	12/1562	41/18888	0.2926829268292683	3.5391774148215234	4.886936652795091	8.03356128110801e-5	0.02264660925144348	0.021517259662925614	ERO1A/HSPA8/DNAJC2/PTGES3/CCT2/HSPA2/CD74/GAK/UGGT1/HSPA1B/DNAJB1/DNAJB4	12
BP	GO:0034067	protein localization to Golgi apparatus	10/1562	30/18888	0.3333333333333333	4.030729833546735	4.9880739750699234	9.354059336854012e-5	0.022717010121660206	0.021584149756189917	RAB33B/SORL1/VPS13C/GAK/VPS13A/VPS13D/GCC2/PACS1/ARFRP1/ZDHHC15	10
BP	GO:0031110	regulation of microtubule polymerization or depolymerization	20/1562	96/18888	0.20833333333333334	2.5192061459667094	4.4806257787254	9.563403940996047e-5	0.022717010121660206	0.021584149756189917	AKAP9/NUMA1/CDK5RAP2/SLAIN1/CAMSAP1/ARHGEF7/MAPRE2/CAMSAP2/TTBK2/HSPA1B/GBA2/APC/EML2/RAC1/SLC39A12/CLIP1/CLASP1/SLAIN2/CDH5/PDE4DIP	20
BP	GO:0022618	protein-RNA complex assembly	37/1562	234/18888	0.1581196581196581	1.9120128697593486	4.214982339082399	9.901705373615305e-5	0.022717010121660206	0.021584149756189917	RNU6-1/SF1/NUDT21/SRPK2/GCFC2/COIL/BOP1/PTGES3/SNRPA1/SCAF11/EIF3A/SFSWAP/POLR2D/STRAP/CELF2/PRPF8/SRSF10/SRSF1/CELF5/U2AF2/SART1/RSRP1/RPS27L/NOPCHAP1/HSP90AB1/RUVBL1/DDX39B/SF3B1/MRPL20/AGO3/LUC7L2/RPS19/CELF4/EIF3M/XRCC5/RPL38/LUC7L	37
BP	GO:0006623	protein targeting to vacuole	13/1562	48/18888	0.2708333333333333	3.274967989756722	4.7383627946944085	9.932755832688835e-5	0.022717010121660206	0.021584149756189917	SORL1/HSPA8/LAPTM5/VPS37A/VPS13C/PIK3C3/MON1B/VPS13A/VPS53/VPS13D/GCC2/VPS54/SORT1	13
BP	GO:1902905	positive regulation of supramolecular fiber organization	30/1562	175/18888	0.17142857142857143	2.0729467715383207	4.281523605426462	1.0105352608149125e-4	0.022717010121660206	0.021584149756189917	NCKAP1L/FER/EPHA1/AKAP9/CDC42EP3/NUMA1/CDC42/CDK5RAP2/SLAIN1/CARMIL2/SDC4/WASHC2C/HSPA1B/SYNPO2/BRAF/TNXB/MYLK3/RAC1/CLIP1/SCIN/CCDC88A/CLASP1/BAG4/S100A10/SLAIN2/TGFBR1/PDE4DIP/ARF6/CD47/FLNA	30
BP	GO:0031109	microtubule polymerization or depolymerization	25/1562	135/18888	0.18518518518518517	2.239294351970408	4.3388918759348885	1.0603114060338422e-4	0.022717010121660206	0.021584149756189917	TUBGCP2/AKAP9/GOLGA2/NUMA1/CDK5RAP2/SLAIN1/CAMSAP1/ARHGEF7/MAPRE2/CAMSAP2/TTBK2/HSPA1B/TUBGCP4/GBA2/APC/EML2/RAC1/SLC39A12/CLIP1/CLASP1/ZNF207/SLAIN2/CDH5/MAP4/PDE4DIP	25
BP	GO:0051495	positive regulation of cytoskeleton organization	31/1562	184/18888	0.16847826086956522	2.037271057173078	4.245284250450088	1.0879022229244867e-4	0.022717010121660206	0.021584149756189917	NCKAP1L/FER/EPHA1/AKAP9/CDC42EP3/NUMA1/CDC42/CDK5RAP2/SLAIN1/CARMIL2/GPSM2/KATNBL1/SDC4/WASHC2C/HSPA1B/SYNPO2/BRAF/MYLK3/RAC1/CLIP1/SCIN/CCDC88A/CLASP1/BAG4/S100A10/SLAIN2/TGFBR1/PDE4DIP/ARF6/CD47/FLNA	31
BP	GO:0034063	stress granule assembly	10/1562	31/18888	0.3225806451612903	3.9007062905290986	4.85312137541835	1.279088288919258e-4	0.025513274950384048	0.024240969403578054	CAPRIN1/ATXN2L/STYXL1/G3BP2/DDX6/PRKAA1/G3BP1/LSM14A/EIF2S1/FMR1	10
BP	GO:1900026	positive regulation of substrate adhesion-dependent cell spreading	12/1562	43/18888	0.27906976744186046	3.374564511806569	4.680507868923139	1.335879153995217e-4	0.025513274950384048	0.024240969403578054	CASS4/CDC42/P4HB/ARHGEF7/UNC13D/BRAF/RAC1/DAB2/RREB1/S100A10/MYADM/FLNA	12
BP	GO:0051084	'de novo' post-translational protein folding	11/1562	37/18888	0.2972972972972973	3.5949752569470883	4.743945995527802	1.3575705010846425e-4	0.025513274950384048	0.024240969403578054	ERO1A/HSPA8/PTGES3/CCT2/HSPA2/CD74/GAK/UGGT1/HSPA1B/DNAJB1/DNAJB4	11
BP	GO:0006986	response to unfolded protein	25/1562	138/18888	0.18115942028985507	2.1906140399710514	4.2148561456222815	1.5251077518728498e-4	0.02773728227438428	0.02635406909772813	VCP/ERO1A/HERPUD2/HSPA8/BFAR/TRAM1/PTPN1/DNAJB2/HSPA2/PARP8/AMFR/CREB3L1/CREBRF/DNAJC10/HSPB1/RPAP2/DNAJB1/HSP90AB1/DNAJB4/ERN1/UBE2J2/PIK3R1/KBTBD6/DERL2/EIF2S1	25
BP	GO:0072659	protein localization to plasma membrane	43/1562	293/18888	0.14675767918088736	1.77462166732945	4.012344453174329	1.632217489298563e-4	0.028757631889579055	0.027323535536317063	FLOT2/EPB41L3/SLMAP/ACSL3/TNIK/SORL1/BSG/PDPK1/ABI3/TMEM59/STX4/PRAM1/TNFRSF1A/JUP/PRKCZ/KCNJ11/GAK/PKP2/ATP2C2/SLC4A1/DPP6/GRIP2/STX3/DAB2/EHD4/MACF1/CCDC88A/EMP2/AP2M1/BAG4/TTC7B/S100A10/STXBP1/WNK3/PIK3R1/ARF6/GOLGA7/PACS1/VAMP8/PLEKHF1/ARFRP1/FLNA/EFR3B	43
BP	GO:0031116	positive regulation of microtubule polymerization	10/1562	32/18888	0.3125	3.778809218950064	4.723694315181919	1.7235099839661412e-4	0.029445906938185162	0.02797748742712502	AKAP9/NUMA1/CDK5RAP2/SLAIN1/HSPA1B/RAC1/CLIP1/CLASP1/SLAIN2/PDE4DIP	10
BP	GO:0090084	negative regulation of inclusion body assembly	6/1562	12/18888	0.5	6.046094750320102	5.250055440530773	1.8910716806801344e-4	0.03135841804610175	0.02979462471511209	DNAJB6/SORL1/DNAJB2/HSPA2/HSPA1B/DNAJB1	6
BP	GO:0048025	negative regulation of mRNA splicing, via spliceosome	8/1562	22/18888	0.36363636363636365	4.39715981841462	4.786965019060292	2.3920935000885048e-4	0.038354308230624044	0.03644164122881309	RBM10/SFSWAP/SRSF10/U2AF2/HNRNPK/SRSF4/CELF4/PCBP4	8
BP	GO:0050684	regulation of mRNA processing	24/1562	134/18888	0.1791044776119403	2.165765283696753	4.066206321536687	2.4490157791813864e-4	0.038354308230624044	0.03644164122881309	CDK11B/RBM10/SF1/SRPK2/SRSF3/CDK11A/SAFB/RBFOX1/SFSWAP/CELF2/HNRNPL/SRSF10/CELF5/U2AF2/ZFP36L1/HNRNPK/RBM47/TRA2B/ZBTB7A/DDX5/SRSF4/CELF4/FMR1/PCBP4	24
BP	GO:0072665	protein localization to vacuole	18/1562	88/18888	0.20454545454545456	2.473402397858224	4.1596485034900645	2.6724096284243065e-4	0.04072174455420605	0.038691017351497284	SORL1/HSPA8/STAM/LAPTM5/VPS37A/LAMTOR4/MVB12A/VPS13C/VPS28/PIK3C3/MON1B/MEAK7/VPS13A/VPS53/VPS13D/GCC2/VPS54/SORT1	18
BP	GO:0003272	endocardial cushion formation	9/1562	28/18888	0.32142857142857145	3.886775196634352	4.589802376893631	2.868753153846689e-4	0.04158310449496242	0.039509422672254775	ACVR1/BMP5/FGF8/TBX2/NOTCH1/SNAI2/TGFBR1/RBPJ/MSX1	9
BP	GO:1902743	regulation of lamellipodium organization	13/1562	53/18888	0.24528301886792453	2.9660087454400506	4.303416867878062	2.93493037402755e-4	0.04158310449496242	0.039509422672254775	CORO1B/FER/CD44/ABI3/CDC42/CARMIL2/ARHGEF7/AUTS2/PDPN/RAC1/PLCE1/RREB1/PIK3R1	13
BP	GO:0035966	response to topologically incorrect protein	26/1562	152/18888	0.17105263157894737	2.0684008356358246	3.970913475111949	2.950202518266224e-4	0.04158310449496242	0.039509422672254775	VCP/ERO1A/HERPUD2/HSPA8/BFAR/TRAM1/PTPN1/RNF126/DNAJB2/HSPA2/PARP8/AMFR/CREB3L1/CREBRF/DNAJC10/HSPB1/RPAP2/DNAJB1/HSP90AB1/DNAJB4/ERN1/UBE2J2/PIK3R1/KBTBD6/DERL2/EIF2S1	26
BP	GO:0061077	chaperone-mediated protein folding	16/1562	75/18888	0.21333333333333335	2.57966709346991	4.1156650721372445	3.496033058917542e-4	0.0480747180150661	0.045677309979027914	DNAJB6/ERO1A/HSPA8/PTGES3/CCT2/DNAJB2/HSPA2/CD74/GAK/HSPA1B/HSPB1/PFDN5/UNC45A/DNAJB1/DNAJB4/CSNK2A1	16
BP	GO:0007034	vacuolar transport	28/1562	171/18888	0.16374269005847952	1.9800076375317293	3.865291442411649	3.712008220804135e-4	0.04982929130688979	0.047344385553063265	VCP/HOOK3/LYSET/SORL1/GRN/HSPA8/STAM/LAPTM5/VPS37A/NPC1/MVB12A/VPS13C/GAK/VPS28/HOOK2/PIK3C3/EPG5/MON1B/VPS13A/VPS53/VPS13D/SLC30A4/HGSNAT/CHMP3/GCC2/VPS54/SORT1/PLEKHF1	28
CC	GO:0042101	T cell receptor complex	70/1624	150/19894	0.4666666666666667	5.716666666666667	17.28769626297435	1.792562846262876e-36	1.229698112536333e-33	1.0736507994985016e-33	TRBV23-1/TRBV7-7/TRBV7-4/TRBV12-4/TRBV12-3/TRBV10-2/TRBV19/TRBV25-1/TRBV29-1/TRBV6-5/TRBV27/TRBV20-1/TRBV3-1/TRBV6-1/TRBV7-3/TRBV30/TRBV10-1/TRBJ2-3/TRBV12-5/TRBV6-7/TRBV6-8/TRAV22/TRBV7-1/TRAV23DV6/TRAV12-3/TRGV5/TRGV8/TRGV4/TRAV29DV5/TRGV9/TRBV17/TRAV21/TRAV20/TRGV1/TRGV2/TRAV17/TRAV19/TRAV39/TRAV24/ZAP70/TRBV9/TRAV26-2/TRDV2/TRAV25/TRAV38-1/TRAV27/CD3G/TRAV34/CD6/TRAV14DV4/TRBJ1-6/TRBV18/TRBV5-7/TRBV5-3/TRBJ1-3/TRBJ2-2/TRBC1/TRBV24-1/TRBV5-5/TRBV7-9/TRBV11-3/TRBV7-6/TRBV5-6/TRBV5-4/TRBV11-1/TRBV11-2/TRBV7-2/TRBC2/TRBV4-2/TRBV5-1	70
CC	GO:0098802	plasma membrane signaling receptor complex	80/1624	325/19894	0.24615384615384617	3.0153846153846153	10.921673340988807	1.2014444213047912e-19	4.120954365075434e-17	3.598009872223296e-17	TRBV23-1/TRBV7-7/TRBV7-4/TRBV12-4/TRBV12-3/TRBV10-2/TRBV19/TRBV25-1/TRBV29-1/TRBV6-5/TRBV27/TRBV20-1/TRBV3-1/TRBV6-1/TRBV7-3/TRBV30/TRBV10-1/TRBJ2-3/TRBV12-5/TRBV6-7/TRBV6-8/TRAV22/TRBV7-1/TRAV23DV6/TRAV12-3/ACVR1/TRGV5/TRGV8/JAK2/TRGV4/TRAV29DV5/TRGV9/TRBV17/TRAV21/TRAV20/B2M/TRGV1/TRGV2/GRIK2/TRAV17/TRAV19/TRAV39/TRAV24/GRIK1/ZAP70/TRBV9/TRAV26-2/TRDV2/TRAV25/TRAV38-1/TRAV27/CD3G/TRAV34/TGFBR1/CD6/ERBB3/GABBR2/SHISA9/TRAV14DV4/FLNA/TRBJ1-6/TRBV18/TRBV5-7/TRBV5-3/TRBJ1-3/TRBJ2-2/TRBC1/TRBV24-1/TRBV5-5/TRBV7-9/TRBV11-3/TRBV7-6/TRBV5-6/TRBV5-4/TRBV11-1/TRBV11-2/TRBV7-2/TRBC2/TRBV4-2/TRBV5-1	80
CC	GO:0030055	cell-substrate junction	71/1624	431/19894	0.16473317865429235	2.0179814385150814	6.370118086346182	8.981377997797857e-9	2.0537417688297766e-6	1.7931242388585902e-6	FLOT2/ACTN1/JAK2/FLNC/CDH13/CASS4/CORO1B/TNC/B2M/PARVA/PARVG/ZYX/TPM4/DST/SYNE2/CD44/HSPA8/BSG/ADGRB1/ALKBH6/PDPK1/PABPC1/CDC42/RPL4/TM4SF20/P4HB/ATP6V0A2/ARHGEF7/BCAR1/JUP/YWHAZ/ASAP3/DCTN4/GAK/MAPRE2/AFAP1/ARF1/RPS9/SDC4/HSPA1B/MSN/SYNPO2/LAMA3/HSPB1/FLNB/RAC1/LASP1/LAYN/RAB21/YWHAE/DAB2/RPS3A/TLN1/HNRNPK/PI4KA/CLASP1/RSU1/TGM2/HMCN1/MYH9/G3BP1/PTPRC/ADAM17/MAP4K4/ARF6/PROCR/MAP2K2/RPS19/RPL38/CD99/FLNA	71
CC	GO:0005925	focal adhesion	69/1624	421/19894	0.16389548693586697	2.0077197149643706	6.230720231599048	1.7927125365669992e-8	3.0745020002124037e-6	2.684351140280586e-6	FLOT2/ACTN1/JAK2/FLNC/CDH13/CASS4/CORO1B/TNC/B2M/PARVA/PARVG/ZYX/TPM4/DST/SYNE2/CD44/HSPA8/BSG/ADGRB1/ALKBH6/PDPK1/PABPC1/CDC42/RPL4/TM4SF20/P4HB/ATP6V0A2/ARHGEF7/BCAR1/JUP/YWHAZ/ASAP3/DCTN4/GAK/MAPRE2/AFAP1/ARF1/RPS9/SDC4/HSPA1B/MSN/SYNPO2/HSPB1/FLNB/RAC1/LASP1/LAYN/RAB21/YWHAE/DAB2/RPS3A/TLN1/HNRNPK/PI4KA/CLASP1/RSU1/TGM2/MYH9/G3BP1/PTPRC/ADAM17/MAP4K4/ARF6/PROCR/MAP2K2/RPS19/RPL38/CD99/FLNA	69
CC	GO:0001726	ruffle	32/1624	182/19894	0.17582417582417584	2.153846153846154	4.662213263835377	2.8290437114638087e-5	0.0038814479721283454	0.003388896572258752	ACTN1/KSR1/CARMIL2/FGD2/ARHGEF7/BCAR1/PLCG1/ASAP3/PSD4/RASGRP2/MYO10/EPS8L1/PDPN/PSD/CDKL5/APC/RAC1/SNX5/LAYN/TLN1/CLIP1/MACF1/PLCG2/MYH9/ARHGAP45/ADAM17/EEF1A1/PLEKHA1/ARF6/MYADM/THEM4/SNTG1	32
CC	GO:0101002	ficolin-1-rich granule	32/1624	185/19894	0.17297297297297298	2.118918918918919	4.558543113495892	3.94751030779193e-5	0.0042023750299371165	0.003669098345917169	NCKAP1L/VCP/ALDOA/ATAD3B/DSP/HSPA8/HUWE1/VPS35L/APEH/JUP/ALAD/CST3/FCN1/FPR1/PKM/ASAH1/GNS/HSPA1B/FTH1/MVP/RAC1/DYNLL1/PRCP/PDAP1/PFKL/HSP90AB1/GPI/SERPINA1/EEF1A1/NBEAL2/COTL1/CD58	32
CC	GO:0031252	cell leading edge	59/1624	426/19894	0.13849765258215962	1.6965962441314553	4.333104265427176	4.2881377856501186e-5	0.0042023750299371165	0.003669098345917169	FLOT2/ACTN1/EPB41L3/PHACTR4/CORO1B/PARVA/FER/MYH10/CAPRIN1/DST/KSR1/SYNE2/CD44/DGKZ/PABPC1/ABI3/CDC42/CARMIL2/P4HB/STX4/FGD2/ARHGEF7/BCAR1/PLCG1/PRKCZ/ASAP3/PSD4/AAK1/KCNJ11/RASGRP2/MYO10/SLC1A2/ARF1/EPS8L1/PDPN/PSD/CDKL5/APC/RAC1/SSH1/STX3/SNX5/LAYN/TLN1/CLIP1/PLCE1/MACF1/CCDC88A/PLCG2/MYH9/ARHGAP45/ADAM17/EEF1A1/PLEKHA1/ARF6/MYADM/SHISA9/THEM4/SNTG1	59
CC	GO:1990752	microtubule end	11/1624	34/19894	0.3235294117647059	3.9632352941176476	5.155726302734276	5.087977642994215e-5	0.004362940828867539	0.0038092885248206688	CLIP4/DST/NUMA1/CDK5RAP2/SLAIN1/CAMSAP1/MAPRE2/CAMSAP2/CLIP1/CLASP1/SLAIN2	11
CC	GO:0035371	microtubule plus-end	9/1624	24/19894	0.375	4.59375	5.2520448901770465	6.64874721268485e-5	0.004418547881096988	0.003857839104410291	CLIP4/DST/NUMA1/CDK5RAP2/SLAIN1/MAPRE2/CLIP1/CLASP1/SLAIN2	9
CC	GO:0005765	lysosomal membrane	60/1624	443/19894	0.13544018058690746	1.6591422121896164	4.1829618289421155	7.085135086307124e-5	0.004418547881096988	0.003857839104410291	PLEKHM2/CDIP1/LRP2/B2M/DAGLB/CCZ1/UBA1/LNPEP/GRN/PLD1/HSPA8/ELAPOR1/TMEM59/ATP6V0A2/TBC1D7/PIP4P1/VOPP1/LAPTM5/LAMTOR4/ATP6V1C2/CYB561A3/NKG7/SPG11/ABCD4/NPC1/RHEB/STARD3NL/VPS13C/CD74/FPR1/HLA-F/MFSD8/AP2B1/SIDT2/CD164/VLDLR/MEAK7/DAB2/VPS13A/CLTA/PRCP/HLA-DPB1/VPS13B/VAPA/SYT11/SLC36A1/AP2M1/SLC30A4/HGSNAT/DEPTOR/CHMP3/OSTM1/VNN1/RAP1B/SPPL2A/AP1M1/EEF1A1/SORT1/VAMP8/PLEKHF1	60
CC	GO:0098852	lytic vacuole membrane	60/1624	443/19894	0.13544018058690746	1.6591422121896164	4.1829618289421155	7.085135086307124e-5	0.004418547881096988	0.003857839104410291	PLEKHM2/CDIP1/LRP2/B2M/DAGLB/CCZ1/UBA1/LNPEP/GRN/PLD1/HSPA8/ELAPOR1/TMEM59/ATP6V0A2/TBC1D7/PIP4P1/VOPP1/LAPTM5/LAMTOR4/ATP6V1C2/CYB561A3/NKG7/SPG11/ABCD4/NPC1/RHEB/STARD3NL/VPS13C/CD74/FPR1/HLA-F/MFSD8/AP2B1/SIDT2/CD164/VLDLR/MEAK7/DAB2/VPS13A/CLTA/PRCP/HLA-DPB1/VPS13B/VAPA/SYT11/SLC36A1/AP2M1/SLC30A4/HGSNAT/DEPTOR/CHMP3/OSTM1/VNN1/RAP1B/SPPL2A/AP1M1/EEF1A1/SORT1/VAMP8/PLEKHF1	60
CC	GO:0005938	cell cortex	45/1624	309/19894	0.14563106796116504	1.7839805825242718	4.140918072789641	1.0440322157182153e-4	0.0059683841665224635	0.005211002901260215	FLOT2/ACTN1/WASHC1/FNBP1/FER/MYH10/TPM4/CLIP4/DST/NUMA1/ERC1/GPSM2/MELK/CSNK1G2/ARHGEF7/SLC2A1/PRKCB/PRKCZ/DCTN4/CTBP2/SLC4A1/MYO10/SPINK5/PLA2G4C/FLNB/RAC1/LASP1/CLTA/CLIP1/CAPZA2/SCIN/POTEF/CLASP1/SPTAN1/AKAP13/HMCN1/MYH9/STXBP1/EEF1A1/COTL1/RIC8B/ARF6/MYADM/EXOC7/FLNA	45
CC	GO:0032587	ruffle membrane	20/1624	100/19894	0.2	2.45	4.333862210363293	1.4514053177957023e-4	0.007658954215445013	0.006687041504661982	KSR1/FGD2/PLCG1/PSD4/RASGRP2/EPS8L1/PDPN/PSD/CDKL5/APC/RAC1/TLN1/MACF1/PLCG2/ARHGAP45/ADAM17/EEF1A1/PLEKHA1/THEM4/SNTG1	20
CC	GO:0098637	protein complex involved in cell-matrix adhesion	7/1624	17/19894	0.4117647058823529	5.044117647058823	4.973323423524176	2.2287023138581853e-4	0.010920641337905108	0.009534824184851935	LAMB2/TNC/NID1/TNR/VTN/TNXB/EMILIN2	7
CC	GO:0010494	cytoplasmic stress granule	18/1624	92/19894	0.1956521739130435	2.3967391304347827	4.00339613907618	4.056087536393855e-4	0.017969073128170452	0.015688817876214498	VCP/CASC3/TIAL1/CAPRIN1/ATXN2L/PABPC1/FXR1/RBFOX1/ELAVL1/IGF2BP2/G3BP2/DDX6/HIPK2/HNRNPK/G3BP1/LSM14A/EIF2S1/FMR1	18
CC	GO:1904813	ficolin-1-rich granule lumen	22/1624	124/19894	0.1774193548387097	2.173387096774194	3.907713328386635	4.191037464296315e-4	0.017969073128170452	0.015688817876214498	VCP/ALDOA/HSPA8/HUWE1/APEH/JUP/ALAD/CST3/FCN1/PKM/ASAH1/GNS/HSPA1B/FTH1/MVP/PDAP1/PFKL/HSP90AB1/GPI/SERPINA1/EEF1A1/COTL1	22
CC	GO:0005774	vacuolar membrane	61/1624	487/19894	0.12525667351129363	1.534394250513347	3.559761770731681	5.28364827723283e-4	0.021321074812833653	0.0186154543018296	PLEKHM2/CDIP1/LRP2/B2M/DAGLB/CCZ1/UBA1/LNPEP/GRN/PLD1/HSPA8/ELAPOR1/TMEM59/ATG16L2/ATP6V0A2/TBC1D7/PIP4P1/VOPP1/LAPTM5/LAMTOR4/ATP6V1C2/CYB561A3/NKG7/SPG11/ABCD4/NPC1/RHEB/STARD3NL/VPS13C/CD74/FPR1/HLA-F/MFSD8/AP2B1/SIDT2/CD164/VLDLR/MEAK7/DAB2/VPS13A/CLTA/PRCP/HLA-DPB1/VPS13B/VAPA/SYT11/SLC36A1/AP2M1/SLC30A4/HGSNAT/DEPTOR/CHMP3/OSTM1/VNN1/RAP1B/SPPL2A/AP1M1/EEF1A1/SORT1/VAMP8/PLEKHF1	61
CC	GO:0031256	leading edge membrane	28/1624	179/19894	0.1564245810055866	1.916201117318436	3.6710713206111105	6.431785450274573e-4	0.024512248993824207	0.02140167205383762	EPB41L3/KSR1/SYNE2/CD44/CDC42/STX4/FGD2/PLCG1/PSD4/KCNJ11/RASGRP2/SLC1A2/EPS8L1/PDPN/PSD/CDKL5/APC/RAC1/TLN1/MACF1/PLCG2/ARHGAP45/ADAM17/EEF1A1/PLEKHA1/SHISA9/THEM4/SNTG1	28
CC	GO:0016607	nuclear speck	53/1624	416/19894	0.12740384615384615	1.5606971153846152	3.445693839684596	8.037369004283471e-4	0.029019132299676113	0.025336636916550113	HIF3A/CASC3/RBM10/USP36/ARL6IP4/SRPK2/ALYREF/TRIM22/DGKZ/ATXN2L/NR3C1/FBXL4/SRSF3/TFIP11/HBP1/GPATCH2/NSL1/TOPORS/SNRPA1/NDUFB1/HP1BP3/TBXA2R/SPOP/POLR2D/CSNK1A1/NUGGC/PRPF8/FTO/HSPA1B/SRSF10/SRSF1/CDK12/PIAS2/U2AF2/SART1/UNC45A/ZNF395/RREB1/PATL1/PARN/PRKAA1/DDX39B/SF3B1/POMP/ZNF106/DDX39A/JADE1/LUC7L2/DDX5/SRSF4/FAM76A/TIMM50/HDAC4	53
CC	GO:0031011	Ino80 complex	6/1624	16/19894	0.375	4.59375	4.28741368972356	0.0011465778706529065	0.038506834451809135	0.03362036029320148	NFRKB/INO80D/ACTR5/RUVBL1/INO80C/YY1	6
CC	GO:0001725	stress fiber	16/1624	85/19894	0.18823529411764706	2.3058823529411763	3.5971298886324954	0.0012840243705643417	0.038506834451809135	0.03362036029320148	ACTN1/CORO1B/ZYX/MYH10/TPM4/DST/PPP1R12C/PRKCZ/DCTN4/DAAM1/SIPA1L3/AFAP1/SYNPO2/FLNB/MYH14/MYH9	16
CC	GO:0097517	contractile actin filament bundle	16/1624	85/19894	0.18823529411764706	2.3058823529411763	3.5971298886324954	0.0012840243705643417	0.038506834451809135	0.03362036029320148	ACTN1/CORO1B/ZYX/MYH10/TPM4/DST/PPP1R12C/PRKCZ/DCTN4/DAAM1/SIPA1L3/AFAP1/SYNPO2/FLNB/MYH14/MYH9	16
CC	GO:0070603	SWI/SNF superfamily-type complex	17/1624	93/19894	0.1827956989247312	2.239247311827957	3.5713283226627834	0.0012910454699586154	0.038506834451809135	0.03362036029320148	NFRKB/RBBP4/INO80D/BPTF/SMARCE1/ACTR5/ZNHIT1/SUZ12/BCL7C/CECR2/CHRAC1/RUVBL1/INO80C/SF3B1/ARID1B/YY1/PHF10	17
CC	GO:0098562	cytoplasmic side of membrane	29/1624	199/19894	0.1457286432160804	1.7851758793969847	3.318863381179263	0.0016283431712804859	0.04356377479996704	0.03803558057569625	NCF1/JAK2/CDIP1/FER/PTPN3/PLEKHA4/PTPN1/CARMIL2/ZAP70/OSBPL2/JUP/CFP/ATP2C2/SLC4A1/AP2B1/RASA3/SNX5/RAB21/CYTH1/GNG11/AP2M1/MYH9/FARP1/PTPRC/SPPL2A/GNB5/EEF1A1/FRMD1/MAP2K2	29
CC	GO:0032432	actin filament bundle	17/1624	95/19894	0.17894736842105263	2.192105263157895	3.4723913070043015	0.0016440828443443304	0.04356377479996704	0.03803558057569625	ACTN1/CORO1B/ZYX/MYH10/TPM4/DST/PPP1R12C/PRKCZ/DCTN4/DAAM1/SIPA1L3/AFAP1/SYNPO2/FLNB/MYH14/MYH9/FLNA	17
CC	GO:0042105	alpha-beta T cell receptor complex	5/1624	12/19894	0.4166666666666667	5.104166666666668	4.239937523159137	0.0017515456983749453	0.04356377479996704	0.03803558057569625	TRBV19/TRAV27/CD3G/TRBC1/TRBC2	5
CC	GO:0099523	presynaptic cytosol	5/1624	12/19894	0.4166666666666667	5.104166666666668	4.239937523159137	0.0017515456983749453	0.04356377479996704	0.03803558057569625	FBXO45/PRKCB/CTBP2/HTT/STXBP1	5
CC	GO:0030863	cortical cytoskeleton	18/1624	104/19894	0.17307692307692307	2.1201923076923075	3.4147604181762863	0.00180219674576776	0.04356377479996704	0.03803558057569625	FLOT2/ACTN1/TPM4/NUMA1/ERC1/SLC2A1/PRKCB/SLC4A1/LASP1/CAPZA2/CLASP1/SPTAN1/AKAP13/MYH9/EEF1A1/COTL1/MYADM/FLNA	18
CC	GO:0098791	Golgi apparatus subcompartment	48/1624	382/19894	0.1256544502617801	1.539267015706806	3.1729156393984597	0.0018416173020394228	0.04356377479996704	0.03803558057569625	CALN1/SMPD4/FUT11/VRK1/LYSET/AKAP9/SORL1/GRN/GOLGA2/AFTPH/GOLGA8A/COG4/ELAPOR1/TMED3/TMEM59/STX4/RBFOX1/ST3GAL4/CD74/ATP2C2/ATL1/HOOK2/LGR6/RAB30/CHST5/CHST1/RAC1/RAB21/VPS53/CLTA/ATP8B1/HLA-DPB1/YIPF4/MS4A6A/PCSK7/OSBP/SYT11/PLOD3/GCC2/AP1M1/MAN2A1/VPS54/SORT1/CORO7/GOLGA7/ARFRP1/FLNA/ASAP1	48
MF	GO:0042287	MHC protein binding	13/1527	42/18522	0.30952380952380953	3.7544204322200394	5.356671858683469	2.029850604110242e-5	0.01695389388450146	0.015865173843780955	TRBV12-3/VCP/TUBB/TRAV29DV5/TRGV9/ATP5F1A/CYRIB/HLA-E/TRAV19/CLEC7A/CD74/TAPBP/TRBV7-9	13
MF	GO:0001671	ATPase activator activity	10/1527	27/18522	0.37037037037037035	4.492468893254748	5.443502300790306	3.217057663093256e-5	0.01695389388450146	0.015865173843780955	DNAJB6/DNAJC2/DNAJC1/DNAJB2/DNAJC10/DNAJA2/DNAJC15/DNAJB1/DNAJB4/TOR1AIP2	10
MF	GO:0042605	peptide antigen binding	13/1527	47/18522	0.2765957446808511	3.355014003260461	4.845530697034858	7.581062577997066e-5	0.023265704781295835	0.021771662219189254	TRBV12-3/TRAV23DV6/TRAV12-3/TRAV29DV5/TRGV9/B2M/HLA-E/TRAV19/CLEC4M/HLA-F/TAPBP/HLA-DPB1/TRBV7-9	13
MF	GO:0035591	signaling adaptor activity	22/1527	112/18522	0.19642857142857142	2.3826129666011786	4.399201882776635	1.0536985153418122e-4	0.023265704781295835	0.021771662219189254	CAPRIN1/IFNAR1/KSR1/DEDD2/ABI3/NLRP1/CD3G/SPATA2/G3BP2/YWHAE/CARD10/PAG1/STAT3/IKBKG/AKAP13/SH2B1/BANK1/GNB5/PIK3R1/ARF6/MAP2K2/FMR1	22
MF	GO:0004674	protein serine/threonine kinase activity	58/1527	427/18522	0.1358313817330211	1.6475892943412027	4.058125318531168	1.1036861850709599e-4	0.023265704781295835	0.021771662219189254	CDK11B/RPS6KA5/ACVR1/SRPK2/TNIK/VRK1/KSR1/VRK3/DMPK/PDPK1/CDK11A/LTBP4/MELK/CSNK1G2/MAPK13/PRKCB/PRKCZ/PRKAG2/PKN3/AAK1/AATK/GAK/MAPK4/CSNK1A1/NEK5/TAOK3/TTBK2/BRAF/CDK12/CDKL5/HIPK2/MYLK3/RAF1/TLK2/MAPK7/PRKAG1/STK3/MAP3K11/SNRK/CAMK2B/STK16/CSNK1G1/ERN1/LTBP1/PRKAA1/NEK8/CSNK2A1/NEK7/TGFBR1/MARK2/MAP2K6/MAP4K4/WNK3/TAF1/MAP2K2/PIM3/PASK/LRRK1	58
MF	GO:0051010	microtubule plus-end binding	8/1527	21/18522	0.38095238095238093	4.620825147347741	4.976348060830926	1.6051419248105928e-4	0.02819699314583941	0.02638628041311448	CLIP4/DST/NUMA1/MAPRE2/TTBK2/APC/CLIP1/CLASP1	8
MF	GO:0045296	cadherin binding	47/1527	333/18522	0.14114114114114115	1.7119949025646473	3.9299383685712344	1.9691412502762426e-4	0.029649641111302284	0.027745644383591568	ACVR1/ZC3HAV1/ALDOA/CDH13/RPL14/CORO1B/PARVA/HCFC1/SERBP1/HSPA8/ATXN2L/BSG/GOLGA2/PTPN1/ERC1/CCNB2/FXYD5/H1-10/JUP/YWHAZ/TJP2/PKM/PKP2/EPS8L1/DDX6/FLNB/SNX5/LASP1/YWHAE/BZW1/TLN1/EHD4/UNC45A/HNRNPK/PI4KA/DNAJB1/HSP90AB1/MACF1/SPTAN1/VAPA/RUVBL1/MYH9/CDH5/MARK2/EPN2/FLNA/ASAP1	47
MF	GO:0106310	protein serine kinase activity	50/1527	363/18522	0.13774104683195593	1.67075289418565	3.868664367410951	2.2807307950443024e-4	0.030048628224708683	0.02811900993363831	CDK11B/RPS6KA5/SRPK2/TNIK/VRK1/KSR1/DMPK/PDPK1/CDK11A/MELK/CSNK1G2/MAPK13/PRKCB/PRKCZ/PKN3/AAK1/AATK/GAK/MAPK4/CSNK1A1/NEK5/TAOK3/TTBK2/BRAF/CDK12/CDKL5/HIPK2/RAF1/TLK2/MAPK7/STK3/MAP3K11/SNRK/CAMK2B/STK16/CSNK1G1/ERN1/PRKAA1/NEK8/CSNK2A1/NEK7/MARK2/MAP2K6/MAP4K4/WNK3/TAF1/MAP2K2/PIM3/PASK/LRRK1	50
MF	GO:0035925	mRNA 3'-UTR AU-rich region binding	9/1527	28/18522	0.32142857142857145	3.898821218074656	4.601253602300694	2.8019621278899007e-4	0.03281408980884395	0.030706883202723242	NUDT21/TIAL1/CPEB3/CPSF1/FXR1/EXOSC4/ELAVL1/ZFP36L1/ELAVL3	9
MF	GO:0051011	microtubule minus-end binding	6/1527	13/18522	0.46153846153846156	5.598307390055917	4.9712928594010375	3.2109068671743287e-4	0.03384295838001743	0.031669681416235225	TUBGCP2/NUMA1/CAMSAP1/CAMSAP2/TUBGCP4/MACF1	6
MF	GO:0030695	GTPase regulator activity	62/1527	488/18522	0.12704918032786885	1.5410641244484524	3.630812040848473	4.1902623752684153e-4	0.036640574290669026	0.03428764417293207	NCKAP1L/CDC42SE1/RHOH/VAV1/PLEKHG7/PLEKHG2/ANKRD27/ELMO1/GARNL3/CCZ1/SBF1/TBC1D8/DOCK10/ARHGAP17/ARHGAP29/RABEP1/TBC1D7/GPSM2/RASGRF1/FGD2/ARHGAP8/ARHGEF7/PLEKHG3/JUN/LAMTOR4/TBC1D17/PLCG1/ARHGEF25/DENND2A/ASAP3/PSD4/TBXA2R/RASGRP2/ARHGAP11B/SIPA1L3/ACAP3/ARHGAP27/EPS8L1/DENND5B/PSD/RASA3/ARHGDIB/HERC2/ARHGEF12/AGAP1/PLCE1/CYTH1/CCDC88A/RGS12/HERC1/SEC23B/AKAP13/RP2/FARP1/ARHGAP45/GNB5/CCDC88C/MYCBP2/RIC8B/PTGIR/ASAP1/MYO9A	62
MF	GO:0060589	nucleoside-triphosphatase regulator activity	62/1527	488/18522	0.12704918032786885	1.5410641244484524	3.630812040848473	4.1902623752684153e-4	0.036640574290669026	0.03428764417293207	NCKAP1L/CDC42SE1/RHOH/VAV1/PLEKHG7/PLEKHG2/ANKRD27/ELMO1/GARNL3/CCZ1/SBF1/TBC1D8/DOCK10/ARHGAP17/ARHGAP29/RABEP1/TBC1D7/GPSM2/RASGRF1/FGD2/ARHGAP8/ARHGEF7/PLEKHG3/JUN/LAMTOR4/TBC1D17/PLCG1/ARHGEF25/DENND2A/ASAP3/PSD4/TBXA2R/RASGRP2/ARHGAP11B/SIPA1L3/ACAP3/ARHGAP27/EPS8L1/DENND5B/PSD/RASA3/ARHGDIB/HERC2/ARHGEF12/AGAP1/PLCE1/CYTH1/CCDC88A/RGS12/HERC1/SEC23B/AKAP13/RP2/FARP1/ARHGAP45/GNB5/CCDC88C/MYCBP2/RIC8B/PTGIR/ASAP1/MYO9A	62
MF	GO:0005085	guanyl-nucleotide exchange factor activity	34/1527	226/18522	0.1504424778761062	1.8248170106229464	3.739597861510386	4.5192359182039593e-4	0.036640574290669026	0.03428764417293207	VAV1/PLEKHG7/PLEKHG2/ANKRD27/ELMO1/CCZ1/SBF1/DOCK10/RASGRF1/FGD2/ARHGEF7/PLEKHG3/LAMTOR4/PLCG1/ARHGEF25/DENND2A/PSD4/TBXA2R/RASGRP2/EPS8L1/DENND5B/PSD/HERC2/ARHGEF12/PLCE1/CYTH1/CCDC88A/HERC1/AKAP13/FARP1/CCDC88C/MYCBP2/RIC8B/PTGIR	34
MF	GO:0060590	ATPase regulator activity	12/1527	49/18522	0.24489795918367346	2.970530451866405	4.140031309306374	4.909904142781653e-4	0.03684468963876699	0.034478651943997476	DNAJB6/GRPEL2/DNAJC2/DNAJC1/DNAJB2/DNAJC10/DNAJA2/DNAJC15/DNAJB1/DNAJB4/BAG4/TOR1AIP2	12
MF	GO:0051087	protein-folding chaperone binding	23/1527	133/18522	0.17293233082706766	2.0976114155723296	3.8079087194778136	5.243551656371014e-4	0.03684468963876699	0.034478651943997476	DNAJB6/GRPEL2/LRP2/GRN/HSPA8/ATP1A1/DNAJC2/PTGES3/DNAJC1/DNAJB2/HSPA2/GAK/AMFR/TP53/DNAJC10/PDPN/DNAJA2/DNAJB1/DNAJB4/BAG4/ERN1/GNB5/HDAC8	23
MF	GO:0023023	MHC protein complex binding	10/1527	37/18522	0.2702702702702703	3.278288111294005	4.158061690750466	6.200088348946979e-4	0.040843081998688226	0.038220281466863945	B2M/CYRIB/HSPA8/CD74/PKM/ANXA11/TAPBP/YWHAE/HLA-DPB1/HSP90AB1	10
MF	GO:0140030	modification-dependent protein binding	29/1527	187/18522	0.15508021390374332	1.8810711996890201	3.6297983708687918	6.995498439095021e-4	0.04337209032238913	0.04058688568069372	VAV1/VCP/YEATS2/PHF13/UHRF1/CHD8/DNAJC2/BPTF/LAPTM5/ABRAXAS1/DNAJB2/NPLOC4/PRPF8/OTUD7B/USP15/MINDY2/RRP8/SUZ12/TDRD3/RAD23B/IKBKG/PHF20L1/NCAPD3/MORC4/UBQLN3/PLCG2/CDYL2/TAF1/FMR1	29
MF	GO:0071889	14-3-3 protein binding	9/1527	32/18522	0.28125	3.411468565815324	4.092411427090072	8.420791726481685e-4	0.04930841377617609	0.046141999109434735	SRPK2/NFATC2/KSR1/PRKCZ/HLA-F/PI4KB/TP53/SYNPO2/ZFP36L1	9
MF	GO:0004713	protein tyrosine kinase activity	23/1527	138/18522	0.16666666666666666	2.0216110019646365	3.610740262960488	8.899168506551932e-4	0.0493669663468723	0.04619679163789009	RPS6KA5/JAK2/FER/EPHA1/NTRK1/ZAP70/MELK/FLT4/MATK/ROS1/AATK/FRK/PKM/ITK/BLK/HIPK2/CSF1R/NTRK3/FGFR1/STK16/MAP2K6/MAP2K2/EPHB6	23
